Date,Predictions
2010-11-26 14:00:00+00:00,[1256.8427]
2010-11-26 15:00:00+00:00,[1239.8198]
2010-11-26 16:00:00+00:00,[1237.7343]
2010-11-26 17:00:00+00:00,[1233.9392]
2010-11-26 18:00:00+00:00,[1186.0581]
2010-11-26 19:00:00+00:00,[1113.5729]
2010-11-26 20:00:00+00:00,[1045.1986]
2010-11-26 21:00:00+00:00,[1052.1115]
2010-11-26 22:00:00+00:00,[999.3077]
2010-11-26 23:00:00+00:00,[989.59955]
2010-11-26 00:00:00+00:00,[999.3721]
2010-11-27 01:00:00+00:00,[986.46985]
2010-11-27 02:00:00+00:00,[967.49146]
2010-11-27 03:00:00+00:00,[941.6221]
2010-11-27 04:00:00+00:00,[912.2113]
2010-11-27 05:00:00+00:00,[925.9535]
2010-11-27 06:00:00+00:00,[962.2626]
2010-11-27 07:00:00+00:00,[1008.8014]
2010-11-27 08:00:00+00:00,[1076.1144]
2010-11-27 09:00:00+00:00,[1089.7928]
2010-11-27 10:00:00+00:00,[1147.2205]
2010-11-27 11:00:00+00:00,[1145.8839]
2010-11-27 12:00:00+00:00,[1143.844]
2010-11-27 13:00:00+00:00,[1125.7467]
2010-11-27 14:00:00+00:00,[1104.8525]
2010-11-27 15:00:00+00:00,[1091.9473]
2010-11-27 16:00:00+00:00,[1100.3829]
2010-11-27 17:00:00+00:00,[1106.95]
2010-11-27 18:00:00+00:00,[1091.7689]
2010-11-27 19:00:00+00:00,[1029.6848]
2010-11-27 20:00:00+00:00,[970.2577]
2010-11-27 21:00:00+00:00,[965.91364]
2010-11-27 22:00:00+00:00,[968.94275]
2010-11-27 23:00:00+00:00,[998.2573]
2010-11-27 00:00:00+00:00,[1002.8261]
2010-11-28 01:00:00+00:00,[1007.3698]
2010-11-28 02:00:00+00:00,[1011.3279]
2010-11-28 03:00:00+00:00,[1034.2065]
2010-11-28 04:00:00+00:00,[1038.5745]
2010-11-28 05:00:00+00:00,[999.1759]
2010-11-28 06:00:00+00:00,[1054.9326]
2010-11-28 07:00:00+00:00,[1066.5787]
2010-11-28 08:00:00+00:00,[1212.2494]
2010-11-28 09:00:00+00:00,[1301.5319]
2010-11-28 10:00:00+00:00,[1360.0691]
2010-11-28 11:00:00+00:00,[1399.147]
2010-11-28 12:00:00+00:00,[1416.8363]
2010-11-28 13:00:00+00:00,[1424.3555]
2010-11-28 14:00:00+00:00,[1408.8866]
2010-11-28 15:00:00+00:00,[1418.1387]
2010-11-28 16:00:00+00:00,[1463.5149]
2010-11-28 17:00:00+00:00,[1448.1877]
2010-11-28 18:00:00+00:00,[1409.9309]
2010-11-28 19:00:00+00:00,[1384.731]
2010-11-28 20:00:00+00:00,[1210.7974]
2010-11-28 21:00:00+00:00,[1157.027]
2010-11-28 22:00:00+00:00,[1030.6266]
2010-11-28 23:00:00+00:00,[973.2167]
2010-11-28 00:00:00+00:00,[948.6153]
2010-11-29 01:00:00+00:00,[963.09937]
2010-11-29 02:00:00+00:00,[964.1595]
2010-11-29 03:00:00+00:00,[973.2998]
2010-11-29 04:00:00+00:00,[988.2531]
2010-11-29 05:00:00+00:00,[992.4382]
2010-11-29 06:00:00+00:00,[1041.4276]
2010-11-29 07:00:00+00:00,[1089.1661]
2010-11-29 08:00:00+00:00,[1268.8083]
2010-11-29 09:00:00+00:00,[1407.173]
2010-11-29 10:00:00+00:00,[1447.5717]
2010-11-29 11:00:00+00:00,[1456.2721]
2010-11-29 12:00:00+00:00,[1434.8478]
2010-11-29 13:00:00+00:00,[1425.4233]
2010-11-29 14:00:00+00:00,[1388.0697]
2010-11-29 15:00:00+00:00,[1409.1677]
2010-11-29 16:00:00+00:00,[1414.4235]
2010-11-29 17:00:00+00:00,[1473.3655]
2010-11-29 18:00:00+00:00,[1431.9299]
2010-11-29 19:00:00+00:00,[1383.9053]
2010-11-29 20:00:00+00:00,[1179.6226]
2010-11-29 21:00:00+00:00,[1130.8264]
2010-11-29 22:00:00+00:00,[1009.08636]
2010-11-29 23:00:00+00:00,[964.68427]
2010-11-29 00:00:00+00:00,[949.5756]
2010-11-30 01:00:00+00:00,[968.98914]
2010-11-30 02:00:00+00:00,[969.6994]
2010-11-30 03:00:00+00:00,[984.5137]
2010-11-30 04:00:00+00:00,[1005.2444]
2010-11-30 05:00:00+00:00,[1032.5233]
2010-11-30 06:00:00+00:00,[1151.1995]
2010-11-30 07:00:00+00:00,[1186.8044]
2010-11-30 08:00:00+00:00,[1347.2137]
2010-11-30 09:00:00+00:00,[1438.5231]
2010-11-30 10:00:00+00:00,[1460.6953]
2010-11-30 11:00:00+00:00,[1471.4003]
2010-11-30 12:00:00+00:00,[1454.1755]
2010-11-30 13:00:00+00:00,[1456.3838]
2010-11-30 14:00:00+00:00,[1416.8807]
2010-11-30 15:00:00+00:00,[1439.8734]
2010-11-30 16:00:00+00:00,[1483.8014]
2010-11-30 17:00:00+00:00,[1443.3772]
2010-11-30 18:00:00+00:00,[1383.0895]
2010-11-30 19:00:00+00:00,[1340.577]
2010-11-30 20:00:00+00:00,[1214.662]
2010-11-30 21:00:00+00:00,[1169.0364]
2010-11-30 22:00:00+00:00,[1038.278]
2010-11-30 23:00:00+00:00,[992.5905]
2010-11-30 00:00:00+00:00,[970.7406]
2010-12-01 01:00:00+00:00,[984.20044]
2010-12-01 02:00:00+00:00,[986.5843]
2010-12-01 03:00:00+00:00,[999.3982]
2010-12-01 04:00:00+00:00,[1017.6616]
2010-12-01 05:00:00+00:00,[1011.80225]
2010-12-01 06:00:00+00:00,[1069.2085]
2010-12-01 07:00:00+00:00,[1126.0447]
2010-12-01 08:00:00+00:00,[1306.5975]
2010-12-01 09:00:00+00:00,[1422.5448]
2010-12-01 10:00:00+00:00,[1460.0277]
2010-12-01 11:00:00+00:00,[1478.8257]
2010-12-01 12:00:00+00:00,[1474.0411]
2010-12-01 13:00:00+00:00,[1464.4742]
2010-12-01 14:00:00+00:00,[1421.0426]
2010-12-01 15:00:00+00:00,[1443.2252]
2010-12-01 16:00:00+00:00,[1447.6411]
2010-12-01 17:00:00+00:00,[1503.6039]
2010-12-01 18:00:00+00:00,[1458.0745]
2010-12-01 19:00:00+00:00,[1420.8716]
2010-12-01 20:00:00+00:00,[1226.8435]
2010-12-01 21:00:00+00:00,[1182.9098]
2010-12-01 22:00:00+00:00,[1047.7944]
2010-12-01 23:00:00+00:00,[992.4942]
2010-12-01 00:00:00+00:00,[964.85974]
2010-12-02 01:00:00+00:00,[977.43005]
2010-12-02 02:00:00+00:00,[969.1259]
2010-12-02 03:00:00+00:00,[970.655]
2010-12-02 04:00:00+00:00,[967.23047]
2010-12-02 05:00:00+00:00,[969.7753]
2010-12-02 06:00:00+00:00,[1016.464]
2010-12-02 07:00:00+00:00,[1044.5493]
2010-12-02 08:00:00+00:00,[1243.7954]
2010-12-02 09:00:00+00:00,[1372.4253]
2010-12-02 10:00:00+00:00,[1433.7202]
2010-12-02 11:00:00+00:00,[1447.5813]
2010-12-02 12:00:00+00:00,[1451.6833]
2010-12-02 13:00:00+00:00,[1434.6232]
2010-12-02 14:00:00+00:00,[1387.7351]
2010-12-02 15:00:00+00:00,[1403.7604]
2010-12-02 16:00:00+00:00,[1406.0071]
2010-12-02 17:00:00+00:00,[1427.0784]
2010-12-02 18:00:00+00:00,[1442.611]
2010-12-02 19:00:00+00:00,[1415.4521]
2010-12-02 20:00:00+00:00,[1181.1321]
2010-12-02 21:00:00+00:00,[1130.529]
2010-12-02 22:00:00+00:00,[1005.5626]
2010-12-02 23:00:00+00:00,[947.5463]
2010-12-02 00:00:00+00:00,[918.2741]
2010-12-03 01:00:00+00:00,[929.93506]
2010-12-03 02:00:00+00:00,[936.964]
2010-12-03 03:00:00+00:00,[946.83386]
2010-12-03 04:00:00+00:00,[959.18604]
2010-12-03 05:00:00+00:00,[965.8408]
2010-12-03 06:00:00+00:00,[973.7501]
2010-12-03 07:00:00+00:00,[978.665]
2010-12-03 08:00:00+00:00,[1056.7179]
2010-12-03 09:00:00+00:00,[1186.1125]
2010-12-03 10:00:00+00:00,[1218.1129]
2010-12-03 11:00:00+00:00,[1278.5574]
2010-12-03 12:00:00+00:00,[1287.002]
2010-12-03 13:00:00+00:00,[1266.4719]
2010-12-03 14:00:00+00:00,[1207.6248]
2010-12-03 15:00:00+00:00,[1196.7064]
2010-12-03 16:00:00+00:00,[1198.6344]
2010-12-03 17:00:00+00:00,[1188.3878]
2010-12-03 18:00:00+00:00,[1134.1272]
2010-12-03 19:00:00+00:00,[1055.4705]
2010-12-03 20:00:00+00:00,[998.3156]
2010-12-03 21:00:00+00:00,[1005.1372]
2010-12-03 22:00:00+00:00,[954.7153]
2010-12-03 23:00:00+00:00,[959.5422]
2010-12-03 00:00:00+00:00,[970.7373]
2010-12-04 01:00:00+00:00,[964.21454]
2010-12-04 02:00:00+00:00,[953.70966]
2010-12-04 03:00:00+00:00,[953.5625]
2010-12-04 04:00:00+00:00,[956.3406]
2010-12-04 05:00:00+00:00,[994.6321]
2010-12-04 06:00:00+00:00,[1030.8059]
2010-12-04 07:00:00+00:00,[1028.8807]
2010-12-04 08:00:00+00:00,[1064.893]
2010-12-04 09:00:00+00:00,[1072.3578]
2010-12-04 10:00:00+00:00,[1114.8165]
2010-12-04 11:00:00+00:00,[1117.4615]
2010-12-04 12:00:00+00:00,[1127.0253]
2010-12-04 13:00:00+00:00,[1131.1147]
2010-12-04 14:00:00+00:00,[1116.7029]
2010-12-04 15:00:00+00:00,[1102.9086]
2010-12-04 16:00:00+00:00,[1113.5721]
2010-12-04 17:00:00+00:00,[1116.9047]
2010-12-04 18:00:00+00:00,[1107.7847]
2010-12-04 19:00:00+00:00,[1042.6633]
2010-12-04 20:00:00+00:00,[981.13055]
2010-12-04 21:00:00+00:00,[966.46564]
2010-12-04 22:00:00+00:00,[958.4655]
2010-12-04 23:00:00+00:00,[989.12177]
2010-12-04 00:00:00+00:00,[1000.2563]
2010-12-05 01:00:00+00:00,[1019.4291]
2010-12-05 02:00:00+00:00,[1038.6648]
2010-12-05 03:00:00+00:00,[1053.9601]
2010-12-05 04:00:00+00:00,[1045.4857]
2010-12-05 05:00:00+00:00,[1037.4922]
2010-12-05 06:00:00+00:00,[1104.843]
2010-12-05 07:00:00+00:00,[1110.1764]
2010-12-05 08:00:00+00:00,[1259.3854]
2010-12-05 09:00:00+00:00,[1335.217]
2010-12-05 10:00:00+00:00,[1376.0953]
2010-12-05 11:00:00+00:00,[1404.5157]
2010-12-05 12:00:00+00:00,[1419.6716]
2010-12-05 13:00:00+00:00,[1437.1112]
2010-12-05 14:00:00+00:00,[1410.4092]
2010-12-05 15:00:00+00:00,[1455.0144]
2010-12-05 16:00:00+00:00,[1461.1417]
2010-12-05 17:00:00+00:00,[1414.5243]
2010-12-05 18:00:00+00:00,[1340.8114]
2010-12-05 19:00:00+00:00,[1302.7847]
2010-12-05 20:00:00+00:00,[1162.1415]
2010-12-05 21:00:00+00:00,[1051.1422]
2010-12-05 22:00:00+00:00,[939.7372]
2010-12-05 23:00:00+00:00,[917.06946]
2010-12-05 00:00:00+00:00,[914.72974]
2010-12-06 01:00:00+00:00,[924.57416]
2010-12-06 02:00:00+00:00,[924.5291]
2010-12-06 03:00:00+00:00,[934.35864]
2010-12-06 04:00:00+00:00,[945.50665]
2010-12-06 05:00:00+00:00,[947.7506]
2010-12-06 06:00:00+00:00,[985.8222]
2010-12-06 07:00:00+00:00,[1014.75104]
2010-12-06 08:00:00+00:00,[1167.5186]
2010-12-06 09:00:00+00:00,[1295.1141]
2010-12-06 10:00:00+00:00,[1355.7637]
2010-12-06 11:00:00+00:00,[1376.9048]
2010-12-06 12:00:00+00:00,[1407.4004]
2010-12-06 13:00:00+00:00,[1400.5278]
2010-12-06 14:00:00+00:00,[1374.6586]
2010-12-06 15:00:00+00:00,[1407.8965]
2010-12-06 16:00:00+00:00,[1431.2192]
2010-12-06 17:00:00+00:00,[1460.3602]
2010-12-06 18:00:00+00:00,[1538.0448]
2010-12-06 19:00:00+00:00,[1508.9945]
2010-12-06 20:00:00+00:00,[1198.0262]
2010-12-06 21:00:00+00:00,[1120.2472]
2010-12-06 22:00:00+00:00,[982.9428]
2010-12-06 23:00:00+00:00,[912.30414]
2010-12-06 00:00:00+00:00,[867.46765]
2010-12-07 01:00:00+00:00,[867.565]
2010-12-07 02:00:00+00:00,[892.62366]
2010-12-07 03:00:00+00:00,[913.7593]
2010-12-07 04:00:00+00:00,[926.40344]
2010-12-07 05:00:00+00:00,[942.3656]
2010-12-07 06:00:00+00:00,[982.22363]
2010-12-07 07:00:00+00:00,[1005.75397]
2010-12-07 08:00:00+00:00,[1160.5962]
2010-12-07 09:00:00+00:00,[1333.1343]
2010-12-07 10:00:00+00:00,[1403.113]
2010-12-07 11:00:00+00:00,[1454.6667]
2010-12-07 12:00:00+00:00,[1451.9196]
2010-12-07 13:00:00+00:00,[1437.1089]
2010-12-07 14:00:00+00:00,[1395.1626]
2010-12-07 15:00:00+00:00,[1412.3451]
2010-12-07 16:00:00+00:00,[1430.7198]
2010-12-07 17:00:00+00:00,[1449.6998]
2010-12-07 18:00:00+00:00,[1524.6168]
2010-12-07 19:00:00+00:00,[1432.103]
2010-12-07 20:00:00+00:00,[1185.8807]
2010-12-07 21:00:00+00:00,[1116.9868]
2010-12-07 22:00:00+00:00,[982.2426]
2010-12-07 23:00:00+00:00,[926.90125]
2010-12-07 00:00:00+00:00,[904.6058]
2010-12-08 01:00:00+00:00,[907.4921]
2010-12-08 02:00:00+00:00,[906.7944]
2010-12-08 03:00:00+00:00,[919.9167]
2010-12-08 04:00:00+00:00,[930.1016]
2010-12-08 05:00:00+00:00,[947.9701]
2010-12-08 06:00:00+00:00,[994.75305]
2010-12-08 07:00:00+00:00,[1023.3645]
2010-12-08 08:00:00+00:00,[1188.4075]
2010-12-08 09:00:00+00:00,[1328.1257]
2010-12-08 10:00:00+00:00,[1373.9331]
2010-12-08 11:00:00+00:00,[1417.1125]
2010-12-08 12:00:00+00:00,[1431.3451]
2010-12-08 13:00:00+00:00,[1432.2162]
2010-12-08 14:00:00+00:00,[1394.3599]
2010-12-08 15:00:00+00:00,[1403.0269]
2010-12-08 16:00:00+00:00,[1407.4319]
2010-12-08 17:00:00+00:00,[1421.2192]
2010-12-08 18:00:00+00:00,[1470.4845]
2010-12-08 19:00:00+00:00,[1424.7953]
2010-12-08 20:00:00+00:00,[1175.6387]
2010-12-08 21:00:00+00:00,[1127.9927]
2010-12-08 22:00:00+00:00,[997.74005]
2010-12-08 23:00:00+00:00,[942.9767]
2010-12-08 00:00:00+00:00,[926.2661]
2010-12-09 01:00:00+00:00,[943.8691]
2010-12-09 02:00:00+00:00,[977.7493]
2010-12-09 03:00:00+00:00,[994.90955]
2010-12-09 04:00:00+00:00,[1011.6153]
2010-12-09 05:00:00+00:00,[1032.0713]
2010-12-09 06:00:00+00:00,[1113.2465]
2010-12-09 07:00:00+00:00,[1171.1667]
2010-12-09 08:00:00+00:00,[1365.6265]
2010-12-09 09:00:00+00:00,[1446.3536]
2010-12-09 10:00:00+00:00,[1466.9224]
2010-12-09 11:00:00+00:00,[1483.8519]
2010-12-09 12:00:00+00:00,[1485.001]
2010-12-09 13:00:00+00:00,[1488.9135]
2010-12-09 14:00:00+00:00,[1452.7567]
2010-12-09 15:00:00+00:00,[1473.3611]
2010-12-09 16:00:00+00:00,[1519.83]
2010-12-09 17:00:00+00:00,[1492.6843]
2010-12-09 18:00:00+00:00,[1419.9651]
2010-12-09 19:00:00+00:00,[1397.329]
2010-12-09 20:00:00+00:00,[1236.0533]
2010-12-09 21:00:00+00:00,[1174.2214]
2010-12-09 22:00:00+00:00,[1042.2354]
2010-12-09 23:00:00+00:00,[996.5329]
2010-12-09 00:00:00+00:00,[986.31335]
2010-12-10 01:00:00+00:00,[1000.0551]
2010-12-10 02:00:00+00:00,[998.8815]
2010-12-10 03:00:00+00:00,[994.99896]
2010-12-10 04:00:00+00:00,[1000.86237]
2010-12-10 05:00:00+00:00,[1012.4779]
2010-12-10 06:00:00+00:00,[1034.7185]
2010-12-10 07:00:00+00:00,[1046.074]
2010-12-10 08:00:00+00:00,[1106.2607]
2010-12-10 09:00:00+00:00,[1185.56]
2010-12-10 10:00:00+00:00,[1224.9767]
2010-12-10 11:00:00+00:00,[1311.536]
2010-12-10 12:00:00+00:00,[1320.8119]
2010-12-10 13:00:00+00:00,[1309.5358]
2010-12-10 14:00:00+00:00,[1256.1226]
2010-12-10 15:00:00+00:00,[1242.5106]
2010-12-10 16:00:00+00:00,[1246.1422]
2010-12-10 17:00:00+00:00,[1234.5983]
2010-12-10 18:00:00+00:00,[1197.6411]
2010-12-10 19:00:00+00:00,[1125.9569]
2010-12-10 20:00:00+00:00,[1054.4918]
2010-12-10 21:00:00+00:00,[1057.5216]
2010-12-10 22:00:00+00:00,[999.2638]
2010-12-10 23:00:00+00:00,[988.83746]
2010-12-10 00:00:00+00:00,[1004.0129]
2010-12-11 01:00:00+00:00,[990.952]
2010-12-11 02:00:00+00:00,[976.1651]
2010-12-11 03:00:00+00:00,[981.59064]
2010-12-11 04:00:00+00:00,[988.2246]
2010-12-11 05:00:00+00:00,[1015.73926]
2010-12-11 06:00:00+00:00,[1034.0594]
2010-12-11 07:00:00+00:00,[1085.787]
2010-12-11 08:00:00+00:00,[1119.2769]
2010-12-11 09:00:00+00:00,[1112.786]
2010-12-11 10:00:00+00:00,[1151.8564]
2010-12-11 11:00:00+00:00,[1137.698]
2010-12-11 12:00:00+00:00,[1127.0469]
2010-12-11 13:00:00+00:00,[1131.7454]
2010-12-11 14:00:00+00:00,[1132.8365]
2010-12-11 15:00:00+00:00,[1128.1509]
2010-12-11 16:00:00+00:00,[1143.3303]
2010-12-11 17:00:00+00:00,[1141.4452]
2010-12-11 18:00:00+00:00,[1131.7109]
2010-12-11 19:00:00+00:00,[1095.7831]
2010-12-11 20:00:00+00:00,[1025.3185]
2010-12-11 21:00:00+00:00,[991.76575]
2010-12-11 22:00:00+00:00,[957.22595]
2010-12-11 23:00:00+00:00,[941.4117]
2010-12-11 00:00:00+00:00,[916.402]
2010-12-12 01:00:00+00:00,[909.07043]
2010-12-12 02:00:00+00:00,[901.3004]
2010-12-12 03:00:00+00:00,[900.09454]
2010-12-12 04:00:00+00:00,[918.05786]
2010-12-12 05:00:00+00:00,[953.4031]
2010-12-12 06:00:00+00:00,[1020.64294]
2010-12-12 07:00:00+00:00,[1032.1647]
2010-12-12 08:00:00+00:00,[1179.3152]
2010-12-12 09:00:00+00:00,[1243.8564]
2010-12-12 10:00:00+00:00,[1277.8435]
2010-12-12 11:00:00+00:00,[1308.6775]
2010-12-12 12:00:00+00:00,[1321.0771]
2010-12-12 13:00:00+00:00,[1326.908]
2010-12-12 14:00:00+00:00,[1310.3403]
2010-12-12 15:00:00+00:00,[1315.995]
2010-12-12 16:00:00+00:00,[1360.3408]
2010-12-12 17:00:00+00:00,[1318.1351]
2010-12-12 18:00:00+00:00,[1252.0089]
2010-12-12 19:00:00+00:00,[1221.6178]
2010-12-12 20:00:00+00:00,[1062.7133]
2010-12-12 21:00:00+00:00,[984.13824]
2010-12-12 22:00:00+00:00,[880.2458]
2010-12-12 23:00:00+00:00,[856.0627]
2010-12-12 00:00:00+00:00,[850.4606]
2010-12-13 01:00:00+00:00,[866.82654]
2010-12-13 02:00:00+00:00,[868.80286]
2010-12-13 03:00:00+00:00,[875.902]
2010-12-13 04:00:00+00:00,[882.788]
2010-12-13 05:00:00+00:00,[889.8715]
2010-12-13 06:00:00+00:00,[956.38086]
2010-12-13 07:00:00+00:00,[982.7197]
2010-12-13 08:00:00+00:00,[1172.9021]
2010-12-13 09:00:00+00:00,[1283.5934]
2010-12-13 10:00:00+00:00,[1306.9066]
2010-12-13 11:00:00+00:00,[1318.6226]
2010-12-13 12:00:00+00:00,[1320.9502]
2010-12-13 13:00:00+00:00,[1321.5334]
2010-12-13 14:00:00+00:00,[1307.4735]
2010-12-13 15:00:00+00:00,[1373.5471]
2010-12-13 16:00:00+00:00,[1393.7203]
2010-12-13 17:00:00+00:00,[1437.4386]
2010-12-13 18:00:00+00:00,[1485.8848]
2010-12-13 19:00:00+00:00,[1397.8744]
2010-12-13 20:00:00+00:00,[1117.1869]
2010-12-13 21:00:00+00:00,[1018.7813]
2010-12-13 22:00:00+00:00,[904.5213]
2010-12-13 23:00:00+00:00,[854.9726]
2010-12-13 00:00:00+00:00,[828.84546]
2010-12-14 01:00:00+00:00,[841.16693]
2010-12-14 02:00:00+00:00,[864.2057]
2010-12-14 03:00:00+00:00,[879.25903]
2010-12-14 04:00:00+00:00,[891.5881]
2010-12-14 05:00:00+00:00,[905.44116]
2010-12-14 06:00:00+00:00,[946.2835]
2010-12-14 07:00:00+00:00,[960.89996]
2010-12-14 08:00:00+00:00,[1113.9221]
2010-12-14 09:00:00+00:00,[1263.9816]
2010-12-14 10:00:00+00:00,[1318.966]
2010-12-14 11:00:00+00:00,[1352.908]
2010-12-14 12:00:00+00:00,[1370.877]
2010-12-14 13:00:00+00:00,[1398.1554]
2010-12-14 14:00:00+00:00,[1386.2754]
2010-12-14 15:00:00+00:00,[1415.5428]
2010-12-14 16:00:00+00:00,[1433.9429]
2010-12-14 17:00:00+00:00,[1440.6672]
2010-12-14 18:00:00+00:00,[1523.3336]
2010-12-14 19:00:00+00:00,[1497.822]
2010-12-14 20:00:00+00:00,[1166.3281]
2010-12-14 21:00:00+00:00,[1057.8309]
2010-12-14 22:00:00+00:00,[931.5308]
2010-12-14 23:00:00+00:00,[880.71564]
2010-12-14 00:00:00+00:00,[847.6819]
2010-12-15 01:00:00+00:00,[855.32947]
2010-12-15 02:00:00+00:00,[882.99756]
2010-12-15 03:00:00+00:00,[898.4926]
2010-12-15 04:00:00+00:00,[907.9831]
2010-12-15 05:00:00+00:00,[922.30426]
2010-12-15 06:00:00+00:00,[957.80334]
2010-12-15 07:00:00+00:00,[973.3261]
2010-12-15 08:00:00+00:00,[1116.2255]
2010-12-15 09:00:00+00:00,[1292.8341]
2010-12-15 10:00:00+00:00,[1356.998]
2010-12-15 11:00:00+00:00,[1395.4154]
2010-12-15 12:00:00+00:00,[1390.9988]
2010-12-15 13:00:00+00:00,[1393.5356]
2010-12-15 14:00:00+00:00,[1381.0791]
2010-12-15 15:00:00+00:00,[1402.3031]
2010-12-15 16:00:00+00:00,[1416.4392]
2010-12-15 17:00:00+00:00,[1428.9626]
2010-12-15 18:00:00+00:00,[1515.0537]
2010-12-15 19:00:00+00:00,[1532.2306]
2010-12-15 20:00:00+00:00,[1210.0195]
2010-12-15 21:00:00+00:00,[1138.9679]
2010-12-15 22:00:00+00:00,[964.21594]
2010-12-15 23:00:00+00:00,[901.7953]
2010-12-15 00:00:00+00:00,[865.21686]
2010-12-16 01:00:00+00:00,[863.48334]
2010-12-16 02:00:00+00:00,[889.6603]
2010-12-16 03:00:00+00:00,[916.3803]
2010-12-16 04:00:00+00:00,[930.6459]
2010-12-16 05:00:00+00:00,[943.47296]
2010-12-16 06:00:00+00:00,[990.91614]
2010-12-16 07:00:00+00:00,[1014.8204]
2010-12-16 08:00:00+00:00,[1168.153]
2010-12-16 09:00:00+00:00,[1296.1976]
2010-12-16 10:00:00+00:00,[1340.0099]
2010-12-16 11:00:00+00:00,[1366.0813]
2010-12-16 12:00:00+00:00,[1363.1049]
2010-12-16 13:00:00+00:00,[1356.2217]
2010-12-16 14:00:00+00:00,[1343.724]
2010-12-16 15:00:00+00:00,[1387.8983]
2010-12-16 16:00:00+00:00,[1410.563]
2010-12-16 17:00:00+00:00,[1446.2659]
2010-12-16 18:00:00+00:00,[1526.94]
2010-12-16 19:00:00+00:00,[1482.3566]
2010-12-16 20:00:00+00:00,[1197.0531]
2010-12-16 21:00:00+00:00,[1107.4666]
2010-12-16 22:00:00+00:00,[987.08234]
2010-12-16 23:00:00+00:00,[922.3834]
2010-12-16 00:00:00+00:00,[880.3017]
2010-12-17 01:00:00+00:00,[876.0414]
2010-12-17 02:00:00+00:00,[892.197]
2010-12-17 03:00:00+00:00,[904.6554]
2010-12-17 04:00:00+00:00,[917.75415]
2010-12-17 05:00:00+00:00,[936.49536]
2010-12-17 06:00:00+00:00,[950.1205]
2010-12-17 07:00:00+00:00,[950.118]
2010-12-17 08:00:00+00:00,[1010.5129]
2010-12-17 09:00:00+00:00,[1085.4615]
2010-12-17 10:00:00+00:00,[1138.3478]
2010-12-17 11:00:00+00:00,[1232.9666]
2010-12-17 12:00:00+00:00,[1256.3317]
2010-12-17 13:00:00+00:00,[1268.2869]
2010-12-17 14:00:00+00:00,[1236.0419]
2010-12-17 15:00:00+00:00,[1226.378]
2010-12-17 16:00:00+00:00,[1231.2279]
2010-12-17 17:00:00+00:00,[1187.7412]
2010-12-17 18:00:00+00:00,[1246.6539]
2010-12-17 19:00:00+00:00,[1163.6714]
2010-12-17 20:00:00+00:00,[1051.4144]
2010-12-17 21:00:00+00:00,[988.36426]
2010-12-17 22:00:00+00:00,[881.7409]
2010-12-17 23:00:00+00:00,[851.68994]
2010-12-17 00:00:00+00:00,[837.7483]
2010-12-18 01:00:00+00:00,[863.8495]
2010-12-18 02:00:00+00:00,[864.09576]
2010-12-18 03:00:00+00:00,[854.51697]
2010-12-18 04:00:00+00:00,[848.5498]
2010-12-18 05:00:00+00:00,[856.19586]
2010-12-18 06:00:00+00:00,[859.423]
2010-12-18 07:00:00+00:00,[858.38727]
2010-12-18 08:00:00+00:00,[944.4981]
2010-12-18 09:00:00+00:00,[987.61053]
2010-12-18 10:00:00+00:00,[1053.1963]
2010-12-18 11:00:00+00:00,[1080.3062]
2010-12-18 12:00:00+00:00,[1104.9962]
2010-12-18 13:00:00+00:00,[1110.2928]
2010-12-18 14:00:00+00:00,[1103.072]
2010-12-18 15:00:00+00:00,[1104.3066]
2010-12-18 16:00:00+00:00,[1119.754]
2010-12-18 17:00:00+00:00,[1117.6979]
2010-12-18 18:00:00+00:00,[1128.6023]
2010-12-18 19:00:00+00:00,[1080.6746]
2010-12-18 20:00:00+00:00,[1004.0744]
2010-12-18 21:00:00+00:00,[954.26]
2010-12-18 22:00:00+00:00,[906.78485]
2010-12-18 23:00:00+00:00,[835.93066]
2010-12-18 00:00:00+00:00,[812.4988]
2010-12-19 01:00:00+00:00,[840.4056]
2010-12-19 02:00:00+00:00,[851.95905]
2010-12-19 03:00:00+00:00,[845.89166]
2010-12-19 04:00:00+00:00,[836.61285]
2010-12-19 05:00:00+00:00,[844.8895]
2010-12-19 06:00:00+00:00,[936.7608]
2010-12-19 07:00:00+00:00,[978.8834]
2010-12-19 08:00:00+00:00,[1153.648]
2010-12-19 09:00:00+00:00,[1234.3047]
2010-12-19 10:00:00+00:00,[1277.8026]
2010-12-19 11:00:00+00:00,[1334.0637]
2010-12-19 12:00:00+00:00,[1387.3687]
2010-12-19 13:00:00+00:00,[1415.3684]
2010-12-19 14:00:00+00:00,[1408.879]
2010-12-19 15:00:00+00:00,[1446.6293]
2010-12-19 16:00:00+00:00,[1453.1512]
2010-12-19 17:00:00+00:00,[1533.0334]
2010-12-19 18:00:00+00:00,[1527.1268]
2010-12-19 19:00:00+00:00,[1473.7197]
2010-12-19 20:00:00+00:00,[1216.2086]
2010-12-19 21:00:00+00:00,[1134.2717]
2010-12-19 22:00:00+00:00,[997.99786]
2010-12-19 23:00:00+00:00,[940.00275]
2010-12-19 00:00:00+00:00,[886.8342]
2010-12-20 01:00:00+00:00,[886.7532]
2010-12-20 02:00:00+00:00,[908.3287]
2010-12-20 03:00:00+00:00,[926.37354]
2010-12-20 04:00:00+00:00,[934.3021]
2010-12-20 05:00:00+00:00,[949.285]
2010-12-20 06:00:00+00:00,[991.64716]
2010-12-20 07:00:00+00:00,[1011.1728]
2010-12-20 08:00:00+00:00,[1150.8469]
2010-12-20 09:00:00+00:00,[1313.2775]
2010-12-20 10:00:00+00:00,[1370.5616]
2010-12-20 11:00:00+00:00,[1433.3986]
2010-12-20 12:00:00+00:00,[1460.0792]
2010-12-20 13:00:00+00:00,[1457.9138]
2010-12-20 14:00:00+00:00,[1396.8632]
2010-12-20 15:00:00+00:00,[1408.9315]
2010-12-20 16:00:00+00:00,[1417.1305]
2010-12-20 17:00:00+00:00,[1432.5162]
2010-12-20 18:00:00+00:00,[1491.8433]
2010-12-20 19:00:00+00:00,[1433.9177]
2010-12-20 20:00:00+00:00,[1193.174]
2010-12-20 21:00:00+00:00,[1138.9187]
2010-12-20 22:00:00+00:00,[1012.33044]
2010-12-20 23:00:00+00:00,[949.9659]
2010-12-20 00:00:00+00:00,[924.5566]
2010-12-21 01:00:00+00:00,[927.30585]
2010-12-21 02:00:00+00:00,[947.9628]
2010-12-21 03:00:00+00:00,[971.7379]
2010-12-21 04:00:00+00:00,[990.43164]
2010-12-21 05:00:00+00:00,[1019.4713]
2010-12-21 06:00:00+00:00,[1121.1718]
2010-12-21 07:00:00+00:00,[1165.9836]
2010-12-21 08:00:00+00:00,[1352.3988]
2010-12-21 09:00:00+00:00,[1465.896]
2010-12-21 10:00:00+00:00,[1470.4285]
2010-12-21 11:00:00+00:00,[1465.8823]
2010-12-21 12:00:00+00:00,[1446.8368]
2010-12-21 13:00:00+00:00,[1443.4818]
2010-12-21 14:00:00+00:00,[1400.444]
2010-12-21 15:00:00+00:00,[1429.4355]
2010-12-21 16:00:00+00:00,[1469.5175]
2010-12-21 17:00:00+00:00,[1439.3356]
2010-12-21 18:00:00+00:00,[1371.8005]
2010-12-21 19:00:00+00:00,[1325.7776]
2010-12-21 20:00:00+00:00,[1197.3828]
2010-12-21 21:00:00+00:00,[1148.6481]
2010-12-21 22:00:00+00:00,[1021.2501]
2010-12-21 23:00:00+00:00,[985.541]
2010-12-21 00:00:00+00:00,[966.1157]
2010-12-22 01:00:00+00:00,[971.7029]
2010-12-22 02:00:00+00:00,[973.94867]
2010-12-22 03:00:00+00:00,[985.46674]
2010-12-22 04:00:00+00:00,[984.7605]
2010-12-22 05:00:00+00:00,[976.3602]
2010-12-22 06:00:00+00:00,[1084.5085]
2010-12-22 07:00:00+00:00,[1153.8538]
2010-12-22 08:00:00+00:00,[1336.1163]
2010-12-22 09:00:00+00:00,[1437.7886]
2010-12-22 10:00:00+00:00,[1450.3215]
2010-12-22 11:00:00+00:00,[1461.4424]
2010-12-22 12:00:00+00:00,[1462.5781]
2010-12-22 13:00:00+00:00,[1464.252]
2010-12-22 14:00:00+00:00,[1427.1725]
2010-12-22 15:00:00+00:00,[1454.478]
2010-12-22 16:00:00+00:00,[1456.108]
2010-12-22 17:00:00+00:00,[1523.1768]
2010-12-22 18:00:00+00:00,[1492.8306]
2010-12-22 19:00:00+00:00,[1444.3623]
2010-12-22 20:00:00+00:00,[1223.8059]
2010-12-22 21:00:00+00:00,[1157.2225]
2010-12-22 22:00:00+00:00,[1024.3041]
2010-12-22 23:00:00+00:00,[970.6596]
2010-12-22 00:00:00+00:00,[924.4531]
2010-12-23 01:00:00+00:00,[936.7376]
2010-12-23 02:00:00+00:00,[953.50226]
2010-12-23 03:00:00+00:00,[971.8569]
2010-12-23 04:00:00+00:00,[988.38776]
2010-12-23 05:00:00+00:00,[983.9081]
2010-12-23 06:00:00+00:00,[1024.5986]
2010-12-23 07:00:00+00:00,[1043.0079]
2010-12-23 08:00:00+00:00,[1206.7916]
2010-12-23 09:00:00+00:00,[1328.1769]
2010-12-23 10:00:00+00:00,[1378.007]
2010-12-23 11:00:00+00:00,[1403.9601]
2010-12-23 12:00:00+00:00,[1434.2677]
2010-12-23 13:00:00+00:00,[1439.6099]
2010-12-23 14:00:00+00:00,[1406.4066]
2010-12-23 15:00:00+00:00,[1443.5356]
2010-12-23 16:00:00+00:00,[1458.3643]
2010-12-23 17:00:00+00:00,[1479.7316]
2010-12-23 18:00:00+00:00,[1553.7921]
2010-12-23 19:00:00+00:00,[1507.8367]
2010-12-23 20:00:00+00:00,[1244.8989]
2010-12-23 21:00:00+00:00,[1160.844]
2010-12-23 22:00:00+00:00,[1020.94244]
2010-12-23 23:00:00+00:00,[946.75354]
2010-12-23 00:00:00+00:00,[904.1778]
2010-12-24 01:00:00+00:00,[906.4417]
2010-12-24 02:00:00+00:00,[922.8477]
2010-12-24 03:00:00+00:00,[939.32965]
2010-12-24 04:00:00+00:00,[948.71906]
2010-12-24 05:00:00+00:00,[965.86053]
2010-12-24 06:00:00+00:00,[988.301]
2010-12-24 07:00:00+00:00,[989.5712]
2010-12-24 08:00:00+00:00,[1046.8757]
2010-12-24 09:00:00+00:00,[1130.8901]
2010-12-24 10:00:00+00:00,[1173.0665]
2010-12-24 11:00:00+00:00,[1257.8232]
2010-12-24 12:00:00+00:00,[1285.2542]
2010-12-24 13:00:00+00:00,[1289.3527]
2010-12-24 14:00:00+00:00,[1238.1844]
2010-12-24 15:00:00+00:00,[1226.8508]
2010-12-24 16:00:00+00:00,[1227.6085]
2010-12-24 17:00:00+00:00,[1187.7743]
2010-12-24 18:00:00+00:00,[1213.03]
2010-12-24 19:00:00+00:00,[1121.3036]
2010-12-24 20:00:00+00:00,[1037.1595]
2010-12-24 21:00:00+00:00,[1024.8048]
2010-12-24 22:00:00+00:00,[947.4831]
2010-12-24 23:00:00+00:00,[907.20337]
2010-12-24 00:00:00+00:00,[851.12494]
2010-12-25 01:00:00+00:00,[858.2063]
2010-12-25 02:00:00+00:00,[856.9263]
2010-12-25 03:00:00+00:00,[866.3567]
2010-12-25 04:00:00+00:00,[869.3337]
2010-12-25 05:00:00+00:00,[876.83527]
2010-12-25 06:00:00+00:00,[885.32404]
2010-12-25 07:00:00+00:00,[889.97144]
2010-12-25 08:00:00+00:00,[969.0368]
2010-12-25 09:00:00+00:00,[1008.4055]
2010-12-25 10:00:00+00:00,[1065.425]
2010-12-25 11:00:00+00:00,[1087.2117]
2010-12-25 12:00:00+00:00,[1117.4233]
2010-12-25 13:00:00+00:00,[1119.077]
2010-12-25 14:00:00+00:00,[1110.3868]
2010-12-25 15:00:00+00:00,[1110.8627]
2010-12-25 16:00:00+00:00,[1116.139]
2010-12-25 17:00:00+00:00,[1130.3337]
2010-12-25 18:00:00+00:00,[1144.9495]
2010-12-25 19:00:00+00:00,[1081.516]
2010-12-25 20:00:00+00:00,[994.26996]
2010-12-25 21:00:00+00:00,[955.98004]
2010-12-25 22:00:00+00:00,[935.8995]
2010-12-25 23:00:00+00:00,[926.30133]
2010-12-25 00:00:00+00:00,[911.6055]
2010-12-26 01:00:00+00:00,[884.5801]
2010-12-26 02:00:00+00:00,[869.0363]
2010-12-26 03:00:00+00:00,[867.77686]
2010-12-26 04:00:00+00:00,[870.4591]
2010-12-26 05:00:00+00:00,[861.15936]
2010-12-26 06:00:00+00:00,[859.9356]
2010-12-26 07:00:00+00:00,[882.2158]
2010-12-26 08:00:00+00:00,[980.7215]
2010-12-26 09:00:00+00:00,[996.3471]
2010-12-26 10:00:00+00:00,[1068.0839]
2010-12-26 11:00:00+00:00,[1087.2979]
2010-12-26 12:00:00+00:00,[1122.5466]
2010-12-26 13:00:00+00:00,[1127.8894]
2010-12-26 14:00:00+00:00,[1133.6573]
2010-12-26 15:00:00+00:00,[1137.0149]
2010-12-26 16:00:00+00:00,[1136.54]
2010-12-26 17:00:00+00:00,[1133.7845]
2010-12-26 18:00:00+00:00,[1156.8252]
2010-12-26 19:00:00+00:00,[1105.715]
2010-12-26 20:00:00+00:00,[1007.2302]
2010-12-26 21:00:00+00:00,[959.0136]
2010-12-26 22:00:00+00:00,[923.7119]
2010-12-26 23:00:00+00:00,[857.9566]
2010-12-26 00:00:00+00:00,[836.6839]
2010-12-27 01:00:00+00:00,[863.94135]
2010-12-27 02:00:00+00:00,[869.0606]
2010-12-27 03:00:00+00:00,[854.2025]
2010-12-27 04:00:00+00:00,[849.47]
2010-12-27 05:00:00+00:00,[863.74396]
2010-12-27 06:00:00+00:00,[966.2573]
2010-12-27 07:00:00+00:00,[994.3284]
2010-12-27 08:00:00+00:00,[1161.5349]
2010-12-27 09:00:00+00:00,[1253.2122]
2010-12-27 10:00:00+00:00,[1302.3341]
2010-12-27 11:00:00+00:00,[1356.067]
2010-12-27 12:00:00+00:00,[1402.5494]
2010-12-27 13:00:00+00:00,[1431.3704]
2010-12-27 14:00:00+00:00,[1433.1619]
2010-12-27 15:00:00+00:00,[1465.7515]
2010-12-27 16:00:00+00:00,[1459.5819]
2010-12-27 17:00:00+00:00,[1538.6287]
2010-12-27 18:00:00+00:00,[1541.1267]
2010-12-27 19:00:00+00:00,[1492.5311]
2010-12-27 20:00:00+00:00,[1230.2788]
2010-12-27 21:00:00+00:00,[1154.5034]
2010-12-27 22:00:00+00:00,[1022.1951]
2010-12-27 23:00:00+00:00,[957.896]
2010-12-27 00:00:00+00:00,[915.0441]
2010-12-28 01:00:00+00:00,[904.05066]
2010-12-28 02:00:00+00:00,[926.13654]
2010-12-28 03:00:00+00:00,[945.34375]
2010-12-28 04:00:00+00:00,[954.9503]
2010-12-28 05:00:00+00:00,[970.4194]
2010-12-28 06:00:00+00:00,[1017.5279]
2010-12-28 07:00:00+00:00,[1044.159]
2010-12-28 08:00:00+00:00,[1204.9609]
2010-12-28 09:00:00+00:00,[1348.051]
2010-12-28 10:00:00+00:00,[1401.5804]
2010-12-28 11:00:00+00:00,[1423.451]
2010-12-28 12:00:00+00:00,[1446.8702]
2010-12-28 13:00:00+00:00,[1449.6135]
2010-12-28 14:00:00+00:00,[1420.0742]
2010-12-28 15:00:00+00:00,[1452.9781]
2010-12-28 16:00:00+00:00,[1464.2291]
2010-12-28 17:00:00+00:00,[1475.7668]
2010-12-28 18:00:00+00:00,[1555.9827]
2010-12-28 19:00:00+00:00,[1509.712]
2010-12-28 20:00:00+00:00,[1227.7339]
2010-12-28 21:00:00+00:00,[1157.2352]
2010-12-28 22:00:00+00:00,[1018.3655]
2010-12-28 23:00:00+00:00,[955.73956]
2010-12-28 00:00:00+00:00,[918.51306]
2010-12-29 01:00:00+00:00,[916.6356]
2010-12-29 02:00:00+00:00,[938.35516]
2010-12-29 03:00:00+00:00,[949.29486]
2010-12-29 04:00:00+00:00,[955.7319]
2010-12-29 05:00:00+00:00,[968.8927]
2010-12-29 06:00:00+00:00,[1014.4815]
2010-12-29 07:00:00+00:00,[1043.4954]
2010-12-29 08:00:00+00:00,[1224.1708]
2010-12-29 09:00:00+00:00,[1375.2455]
2010-12-29 10:00:00+00:00,[1425.0988]
2010-12-29 11:00:00+00:00,[1447.2574]
2010-12-29 12:00:00+00:00,[1465.7068]
2010-12-29 13:00:00+00:00,[1461.711]
2010-12-29 14:00:00+00:00,[1427.7279]
2010-12-29 15:00:00+00:00,[1460.9877]
2010-12-29 16:00:00+00:00,[1476.717]
2010-12-29 17:00:00+00:00,[1491.036]
2010-12-29 18:00:00+00:00,[1562.3799]
2010-12-29 19:00:00+00:00,[1522.8453]
2010-12-29 20:00:00+00:00,[1226.9791]
2010-12-29 21:00:00+00:00,[1148.4142]
2010-12-29 22:00:00+00:00,[1007.2164]
2010-12-29 23:00:00+00:00,[951.14667]
2010-12-29 00:00:00+00:00,[930.33655]
2010-12-30 01:00:00+00:00,[942.84045]
2010-12-30 02:00:00+00:00,[966.1366]
2010-12-30 03:00:00+00:00,[975.2271]
2010-12-30 04:00:00+00:00,[986.50714]
2010-12-30 05:00:00+00:00,[1016.15906]
2010-12-30 06:00:00+00:00,[1097.7909]
2010-12-30 07:00:00+00:00,[1143.435]
2010-12-30 08:00:00+00:00,[1335.807]
2010-12-30 09:00:00+00:00,[1453.7323]
2010-12-30 10:00:00+00:00,[1472.4352]
2010-12-30 11:00:00+00:00,[1474.6664]
2010-12-30 12:00:00+00:00,[1469.3131]
2010-12-30 13:00:00+00:00,[1467.2477]
2010-12-30 14:00:00+00:00,[1432.0363]
2010-12-30 15:00:00+00:00,[1458.0148]
2010-12-30 16:00:00+00:00,[1467.94]
2010-12-30 17:00:00+00:00,[1507.913]
2010-12-30 18:00:00+00:00,[1448.4077]
2010-12-30 19:00:00+00:00,[1384.1606]
2010-12-30 20:00:00+00:00,[1217.7975]
2010-12-30 21:00:00+00:00,[1156.7047]
2010-12-30 22:00:00+00:00,[1027.6586]
2010-12-30 23:00:00+00:00,[978.2843]
2010-12-30 00:00:00+00:00,[956.89325]
2010-12-31 01:00:00+00:00,[974.56274]
2010-12-31 02:00:00+00:00,[983.501]
2010-12-31 03:00:00+00:00,[992.79065]
2010-12-31 04:00:00+00:00,[1009.07196]
2010-12-31 05:00:00+00:00,[1032.7759]
2010-12-31 06:00:00+00:00,[1059.5609]
2010-12-31 07:00:00+00:00,[1077.7994]
2010-12-31 08:00:00+00:00,[1102.9965]
2010-12-31 09:00:00+00:00,[1203.535]
2010-12-31 10:00:00+00:00,[1233.3297]
2010-12-31 11:00:00+00:00,[1297.409]
2010-12-31 12:00:00+00:00,[1300.246]
2010-12-31 13:00:00+00:00,[1279.4885]
2010-12-31 14:00:00+00:00,[1245.4783]
2010-12-31 15:00:00+00:00,[1238.9116]
2010-12-31 16:00:00+00:00,[1239.3872]
2010-12-31 17:00:00+00:00,[1231.1514]
2010-12-31 18:00:00+00:00,[1161.4675]
2010-12-31 19:00:00+00:00,[1088.5115]
2010-12-31 20:00:00+00:00,[1038.7897]
2010-12-31 21:00:00+00:00,[1034.4497]
2010-12-31 22:00:00+00:00,[972.525]
2010-12-31 23:00:00+00:00,[969.8292]